Path,SteerAngle,Throttle,Brake,Speed,X_Position,Y_Position,Pitch,Yaw,Roll
/Users/ejm2000/RoboND-Rover-Project/code/simulator_output/IMG/robocam_2017_06_01_17_44_37_384.jpg,0,0,1,0,99.66999,85.58897,0.0002358422,48.81766,3.386994E-06
/Users/ejm2000/RoboND-Rover-Project/code/simulator_output/IMG/robocam_2017_06_01_17_44_37_413.jpg,0,0,0,0,99.66999,85.58897,0.0002362419,48.81766,3.53713E-06
/Users/ejm2000/RoboND-Rover-Project/code/simulator_output/IMG/robocam_2017_06_01_17_44_37_464.jpg,0,0,0,0,99.66999,85.58897,0.0002368413,48.81766,3.762331E-06
/Users/ejm2000/RoboND-Rover-Project/code/simulator_output/IMG/robocam_2017_06_01_17_44_37_514.jpg,0,0,0,0,99.66999,85.58897,0.000237497,48.81766,3.837676E-06
/Users/ejm2000/RoboND-Rover-Project/code/simulator_output/IMG/robocam_2017_06_01_17_44_37_566.jpg,0,0,0,0,99.66999,85.58897,0.0002379341,48.81766,3.88791E-06
/Users/ejm2000/RoboND-Rover-Project/code/simulator_output/IMG/robocam_2017_06_01_17_44_37_620.jpg,0,0,0,0,99.66999,85.58897,0.0002386274,48.81766,3.863353E-06
/Users/ejm2000/RoboND-Rover-Project/code/simulator_output/IMG/robocam_2017_06_01_17_44_37_664.jpg,0,0,0,0,99.66999,85.58897,0.0002390022,48.81766,3.776147E-06
/Users/ejm2000/RoboND-Rover-Project/code/simulator_output/IMG/robocam_2017_06_01_17_44_37_719.jpg,0,0,0,0,99.66999,85.58897,0.0002394145,48.81766,3.589032E-06
/Users/ejm2000/RoboND-Rover-Project/code/simulator_output/IMG/robocam_2017_06_01_17_44_37_796.jpg,0,0,0,0,99.66999,85.58897,0.0002400393,48.81766,3.139751E-06
/Users/ejm2000/RoboND-Rover-Project/code/simulator_output/IMG/robocam_2017_06_01_17_44_37_848.jpg,0,0,0,0,99.66999,85.58897,0.0002403517,48.81766,2.91511E-06
/Users/ejm2000/RoboND-Rover-Project/code/simulator_output/IMG/robocam_2017_06_01_17_44_37_897.jpg,0,0,0,0,99.66999,85.58897,0.0002405206,48.81766,2.465542E-06
/Users/ejm2000/RoboND-Rover-Project/code/simulator_output/IMG/robocam_2017_06_01_17_44_37_946.jpg,0,0,0,0,99.66999,85.58897,0.0002406332,48.81766,2.16583E-06
/Users/ejm2000/RoboND-Rover-Project/code/simulator_output/IMG/robocam_2017_06_01_17_44_38_016.jpg,0,0,0,0,99.66999,85.58897,0.0002407585,48.81766,1.528868E-06
/Users/ejm2000/RoboND-Rover-Project/code/simulator_output/IMG/robocam_2017_06_01_17_44_38_063.jpg,1.922879,0,0,0,99.66999,85.58897,0.0002405596,48.98475,5.329636E-07
/Users/ejm2000/RoboND-Rover-Project/code/simulator_output/IMG/robocam_2017_06_01_17_44_38_152.jpg,2.85912,0,0,0,99.66999,85.58897,0.0002406987,49.67096,-1.538209E-06
/Users/ejm2000/RoboND-Rover-Project/code/simulator_output/IMG/robocam_2017_06_01_17_44_38_198.jpg,8.958539,0,0,0,99.66999,85.58897,0.0002400933,51.17979,-6.999436E-06
/Users/ejm2000/RoboND-Rover-Project/code/simulator_output/IMG/robocam_2017_06_01_17_44_38_248.jpg,8.88432,0,0,0,99.66999,85.58897,0.0002403813,52.36734,-1.1784E-05
/Users/ejm2000/RoboND-Rover-Project/code/simulator_output/IMG/robocam_2017_06_01_17_44_38_296.jpg,5.878322,0,0,0,99.66999,85.58897,0.0002402714,53.60817,-1.493741E-05
/Users/ejm2000/RoboND-Rover-Project/code/simulator_output/IMG/robocam_2017_06_01_17_44_38_347.jpg,2.94876,0,0,0,99.66999,85.58897,0.0002399295,54.0837,-1.507084E-05
/Users/ejm2000/RoboND-Rover-Project/code/simulator_output/IMG/robocam_2017_06_01_17_44_38_415.jpg,0.8964622,0,0,0,99.66999,85.58897,0.0002392919,54.36022,-1.186325E-05
/Users/ejm2000/RoboND-Rover-Project/code/simulator_output/IMG/robocam_2017_06_01_17_44_38_496.jpg,0,0,0,0,99.66999,85.58897,0.0002378676,54.36022,-7.78105E-06
/Users/ejm2000/RoboND-Rover-Project/code/simulator_output/IMG/robocam_2017_06_01_17_44_38_565.jpg,0,0,0,0,99.66999,85.58897,0.0002365993,54.36022,-4.881788E-06
/Users/ejm2000/RoboND-Rover-Project/code/simulator_output/IMG/robocam_2017_06_01_17_44_38_613.jpg,0,0,0,0,99.66999,85.58897,0.0002357338,54.36022,-2.189358E-06
/Users/ejm2000/RoboND-Rover-Project/code/simulator_output/IMG/robocam_2017_06_01_17_44_38_663.jpg,0,0,0,0,99.66999,85.58897,0.0002351459,54.36022,-3.605309E-07
/Users/ejm2000/RoboND-Rover-Project/code/simulator_output/IMG/robocam_2017_06_01_17_44_38_714.jpg,0,0,0,0,99.66999,85.58897,0.0002343784,54.36021,2.027113E-06
/Users/ejm2000/RoboND-Rover-Project/code/simulator_output/IMG/robocam_2017_06_01_17_44_38_783.jpg,0,0,0,0,99.66999,85.58897,0.0002336926,54.36021,4.160733E-06
/Users/ejm2000/RoboND-Rover-Project/code/simulator_output/IMG/robocam_2017_06_01_17_44_38_830.jpg,0,0,0,0,99.66999,85.58897,0.0002333732,54.36021,5.851676E-06
/Users/ejm2000/RoboND-Rover-Project/code/simulator_output/IMG/robocam_2017_06_01_17_44_38_898.jpg,0,0,0,0,99.66999,85.58897,0.0002334022,54.36021,8.551382E-06
/Users/ejm2000/RoboND-Rover-Project/code/simulator_output/IMG/robocam_2017_06_01_17_44_38_947.jpg,0,0,0,0,99.66999,85.58897,0.0002332098,54.36021,9.498459E-06
/Users/ejm2000/RoboND-Rover-Project/code/simulator_output/IMG/robocam_2017_06_01_17_44_38_997.jpg,0,0,0,0,99.66999,85.58897,0.0002330737,54.36021,1.096806E-05
/Users/ejm2000/RoboND-Rover-Project/code/simulator_output/IMG/robocam_2017_06_01_17_44_39_048.jpg,0,0,0,0,99.66999,85.58897,0.0002329993,54.36021,1.189699E-05
/Users/ejm2000/RoboND-Rover-Project/code/simulator_output/IMG/robocam_2017_06_01_17_44_39_097.jpg,0,0,0,0,99.66999,85.58897,0.0002329449,54.36021,1.311259E-05
/Users/ejm2000/RoboND-Rover-Project/code/simulator_output/IMG/robocam_2017_06_01_17_44_39_197.jpg,0,0,0,0,99.66999,85.58897,0.0002329793,54.36021,1.47491E-05
/Users/ejm2000/RoboND-Rover-Project/code/simulator_output/IMG/robocam_2017_06_01_17_44_39_367.jpg,0,0,0,0,99.66999,85.58897,0.0002330591,54.36021,1.589575E-05
/Users/ejm2000/RoboND-Rover-Project/code/simulator_output/IMG/robocam_2017_06_01_17_44_39_415.jpg,6.743205,0,0,0,99.66999,85.58897,0.0002347426,55.52831,1.053112E-05
/Users/ejm2000/RoboND-Rover-Project/code/simulator_output/IMG/robocam_2017_06_01_17_44_39_464.jpg,9.75024,0,0,0,99.66999,85.58897,0.0002348517,56.6536,5.445418E-06
/Users/ejm2000/RoboND-Rover-Project/code/simulator_output/IMG/robocam_2017_06_01_17_44_39_531.jpg,11.232,0,0,0,99.66999,85.58897,0.000235072,58.63213,-2.555406E-06
/Users/ejm2000/RoboND-Rover-Project/code/simulator_output/IMG/robocam_2017_06_01_17_44_39_580.jpg,15,0,0,0,99.66999,85.58897,0.0002337902,61.19488,-1.218774E-05
/Users/ejm2000/RoboND-Rover-Project/code/simulator_output/IMG/robocam_2017_06_01_17_44_39_647.jpg,15,0,0,0,99.66999,85.58897,0.0002324054,63.89491,-2.097193E-05
/Users/ejm2000/RoboND-Rover-Project/code/simulator_output/IMG/robocam_2017_06_01_17_44_39_714.jpg,15,0,0,0,99.66999,85.58897,0.0002335674,67.4949,-3.078731E-05
/Users/ejm2000/RoboND-Rover-Project/code/simulator_output/IMG/robocam_2017_06_01_17_44_39_764.jpg,15,0,0,0,99.66999,85.58897,0.000233904,69.29489,-3.492094E-05
/Users/ejm2000/RoboND-Rover-Project/code/simulator_output/IMG/robocam_2017_06_01_17_44_39_831.jpg,15,0,0,0,99.66999,85.58897,0.0002345799,71.99489,-3.990411E-05
/Users/ejm2000/RoboND-Rover-Project/code/simulator_output/IMG/robocam_2017_06_01_17_44_39_896.jpg,15,0,0,0,99.66999,85.58897,0.0002349507,75.59488,-4.523105E-05
/Users/ejm2000/RoboND-Rover-Project/code/simulator_output/IMG/robocam_2017_06_01_17_44_39_947.jpg,15,0,0,0,99.66999,85.58899,0.0002338427,77.3949,-4.656764E-05
/Users/ejm2000/RoboND-Rover-Project/code/simulator_output/IMG/robocam_2017_06_01_17_44_40_026.jpg,15,0,0,0,99.66999,85.58902,0.0002336703,80.9949,-4.778425E-05
/Users/ejm2000/RoboND-Rover-Project/code/simulator_output/IMG/robocam_2017_06_01_17_44_40_063.jpg,15,0,0,0,99.66999,85.58902,0.0002332077,82.79491,-4.743212E-05
/Users/ejm2000/RoboND-Rover-Project/code/simulator_output/IMG/robocam_2017_06_01_17_44_40_131.jpg,15,0,0,0,99.66999,85.58902,0.0002341304,85.49491,-4.733674E-05
/Users/ejm2000/RoboND-Rover-Project/code/simulator_output/IMG/robocam_2017_06_01_17_44_40_198.jpg,15,0,0,0,99.66999,85.58902,0.0002357935,89.09491,-4.533005E-05
/Users/ejm2000/RoboND-Rover-Project/code/simulator_output/IMG/robocam_2017_06_01_17_44_40_247.jpg,15,0,0,0,99.66999,85.58902,0.0002369461,90.8949,-4.416192E-05
/Users/ejm2000/RoboND-Rover-Project/code/simulator_output/IMG/robocam_2017_06_01_17_44_40_297.jpg,15,0,0,0,99.66999,85.58902,0.0002412903,93.59491,-4.145293E-05
/Users/ejm2000/RoboND-Rover-Project/code/simulator_output/IMG/robocam_2017_06_01_17_44_40_397.jpg,15,0,0,0,99.66999,85.58902,0.0002457749,98.09491,-3.751805E-05
/Users/ejm2000/RoboND-Rover-Project/code/simulator_output/IMG/robocam_2017_06_01_17_44_40_447.jpg,15,0,0,0,99.66999,85.58902,0.000248467,99.8949,-3.563502E-05
/Users/ejm2000/RoboND-Rover-Project/code/simulator_output/IMG/robocam_2017_06_01_17_44_40_521.jpg,15,0,0,0,99.66999,85.58902,0.0002558191,103.4949,-3.179803E-05
/Users/ejm2000/RoboND-Rover-Project/code/simulator_output/IMG/robocam_2017_06_01_17_44_40_565.jpg,15,0,0,0,99.66999,85.58902,0.000258276,105.2949,-3.002195E-05
/Users/ejm2000/RoboND-Rover-Project/code/simulator_output/IMG/robocam_2017_06_01_17_44_40_616.jpg,15,0,0,0,99.66999,85.58902,0.000262894,107.9949,-2.658017E-05
/Users/ejm2000/RoboND-Rover-Project/code/simulator_output/IMG/robocam_2017_06_01_17_44_40_665.jpg,15,0,0,0,99.66999,85.58902,0.0002663833,109.7949,-2.489351E-05
/Users/ejm2000/RoboND-Rover-Project/code/simulator_output/IMG/robocam_2017_06_01_17_44_40_729.jpg,15,0,0,0,99.66999,85.58902,0.0002702779,112.4949,-2.216648E-05
/Users/ejm2000/RoboND-Rover-Project/code/simulator_output/IMG/robocam_2017_06_01_17_44_40_783.jpg,15,0,0,0,99.66999,85.58902,0.0002744624,115.1949,-2.013745E-05
/Users/ejm2000/RoboND-Rover-Project/code/simulator_output/IMG/robocam_2017_06_01_17_44_40_848.jpg,15,0,0,0,99.66999,85.58902,0.000277049,117.8948,-1.750799E-05
/Users/ejm2000/RoboND-Rover-Project/code/simulator_output/IMG/robocam_2017_06_01_17_44_40_915.jpg,15,0,0,0,99.66999,85.58902,0.0002809548,121.4948,-1.463413E-05
/Users/ejm2000/RoboND-Rover-Project/code/simulator_output/IMG/robocam_2017_06_01_17_44_40_963.jpg,15,0,0,0,99.66999,85.58902,0.0002832213,123.2948,-1.323012E-05
/Users/ejm2000/RoboND-Rover-Project/code/simulator_output/IMG/robocam_2017_06_01_17_44_41_031.jpg,15,0,0,0,99.66999,85.58902,0.0002868405,125.9948,-1.166345E-05
/Users/ejm2000/RoboND-Rover-Project/code/simulator_output/IMG/robocam_2017_06_01_17_44_41_080.jpg,15,0,0,0,99.66999,85.58902,0.0002886362,128.6947,-9.897995E-06
/Users/ejm2000/RoboND-Rover-Project/code/simulator_output/IMG/robocam_2017_06_01_17_44_41_148.jpg,15,0,0,0,99.66999,85.58902,0.0002912034,131.3947,-8.59989E-06
/Users/ejm2000/RoboND-Rover-Project/code/simulator_output/IMG/robocam_2017_06_01_17_44_41_198.jpg,15,0,0,0,99.66999,85.58901,0.0002927587,134.0947,-6.58845E-06
/Users/ejm2000/RoboND-Rover-Project/code/simulator_output/IMG/robocam_2017_06_01_17_44_41_247.jpg,15,0,0,0,99.66999,85.58901,0.0002932574,135.8947,-5.314004E-06
/Users/ejm2000/RoboND-Rover-Project/code/simulator_output/IMG/robocam_2017_06_01_17_44_41_316.jpg,15,0,0,0,99.66998,85.58901,0.000294045,139.4947,-2.749322E-06
/Users/ejm2000/RoboND-Rover-Project/code/simulator_output/IMG/robocam_2017_06_01_17_44_41_381.jpg,15,0,0,0,99.66998,85.58901,0.0002949962,142.1946,-8.851048E-07
/Users/ejm2000/RoboND-Rover-Project/code/simulator_output/IMG/robocam_2017_06_01_17_44_41_430.jpg,15,0,0,0,99.66998,85.58901,0.0002959332,143.9947,6.857181E-07
/Users/ejm2000/RoboND-Rover-Project/code/simulator_output/IMG/robocam_2017_06_01_17_44_41_480.jpg,15,0,0,0,99.66998,85.58901,0.00029578,146.6947,2.733845E-06
/Users/ejm2000/RoboND-Rover-Project/code/simulator_output/IMG/robocam_2017_06_01_17_44_41_530.jpg,15,0,0,0,99.66998,85.58901,0.0002952109,148.4947,3.54709E-06
/Users/ejm2000/RoboND-Rover-Project/code/simulator_output/IMG/robocam_2017_06_01_17_44_41_580.jpg,15,0,0,0,99.66998,85.58901,0.0002952093,151.1947,4.589958E-06
/Users/ejm2000/RoboND-Rover-Project/code/simulator_output/IMG/robocam_2017_06_01_17_44_41_630.jpg,15,0,0,0,99.66998,85.58901,0.0002945224,152.9946,5.276666E-06
/Users/ejm2000/RoboND-Rover-Project/code/simulator_output/IMG/robocam_2017_06_01_17_44_41_698.jpg,15,0,0,0,99.66998,85.58901,0.0002919428,156.5946,4.498036E-06
/Users/ejm2000/RoboND-Rover-Project/code/simulator_output/IMG/robocam_2017_06_01_17_44_41_748.jpg,15,0,0,0,99.66998,85.58901,0.0002902793,158.3945,4.936725E-06
/Users/ejm2000/RoboND-Rover-Project/code/simulator_output/IMG/robocam_2017_06_01_17_44_41_797.jpg,15,0,0,0,99.66998,85.58901,0.0002892532,161.0945,5.544799E-06
/Users/ejm2000/RoboND-Rover-Project/code/simulator_output/IMG/robocam_2017_06_01_17_44_41_850.jpg,15,0,0,0,99.66998,85.58901,0.0002874146,162.8944,6.244105E-06
/Users/ejm2000/RoboND-Rover-Project/code/simulator_output/IMG/robocam_2017_06_01_17_44_41_898.jpg,15,0,0,0,99.66998,85.58901,0.0002855009,165.5944,7.355382E-06
/Users/ejm2000/RoboND-Rover-Project/code/simulator_output/IMG/robocam_2017_06_01_17_44_41_947.jpg,15,0,0,0,99.66998,85.58901,0.0002838961,167.3943,7.365048E-06
/Users/ejm2000/RoboND-Rover-Project/code/simulator_output/IMG/robocam_2017_06_01_17_44_41_999.jpg,15,0,0,0,99.66998,85.58901,0.0002799401,170.0943,8.95867E-06
/Users/ejm2000/RoboND-Rover-Project/code/simulator_output/IMG/robocam_2017_06_01_17_44_42_083.jpg,15,0,0,0,99.66998,85.58901,0.0002757063,173.6943,1.081451E-05
/Users/ejm2000/RoboND-Rover-Project/code/simulator_output/IMG/robocam_2017_06_01_17_44_42_130.jpg,15,0,0,0,99.66998,85.58901,0.0002732535,175.4944,1.207231E-05
/Users/ejm2000/RoboND-Rover-Project/code/simulator_output/IMG/robocam_2017_06_01_17_44_42_179.jpg,15,0,0,0,99.66998,85.58901,0.0002695428,178.1944,1.25496E-05
/Users/ejm2000/RoboND-Rover-Project/code/simulator_output/IMG/robocam_2017_06_01_17_44_42_233.jpg,15,0,0,0,99.66998,85.58901,0.0002674425,179.9944,1.284191E-05
/Users/ejm2000/RoboND-Rover-Project/code/simulator_output/IMG/robocam_2017_06_01_17_44_42_366.jpg,11.13747,0,0,0,99.66998,85.58901,0.0002604166,184.8131,2.012507E-05
/Users/ejm2000/RoboND-Rover-Project/code/simulator_output/IMG/robocam_2017_06_01_17_44_42_430.jpg,5.98362,0,0,0,99.66998,85.58901,0.0002581969,185.9332,2.757746E-05
/Users/ejm2000/RoboND-Rover-Project/code/simulator_output/IMG/robocam_2017_06_01_17_44_42_481.jpg,2.245289,0,0,0,99.66998,85.58901,0.000255972,186.4658,3.57379E-05
/Users/ejm2000/RoboND-Rover-Project/code/simulator_output/IMG/robocam_2017_06_01_17_44_42_530.jpg,0,0,0,0,99.66998,85.58901,0.0002541158,186.6406,4.038199E-05
/Users/ejm2000/RoboND-Rover-Project/code/simulator_output/IMG/robocam_2017_06_01_17_44_42_625.jpg,0,0,0,0,99.66998,85.58901,0.000250748,186.6406,5.138684E-05
/Users/ejm2000/RoboND-Rover-Project/code/simulator_output/IMG/robocam_2017_06_01_17_44_42_663.jpg,0,0,0,0,99.66998,85.58901,0.0002492828,186.6406,5.479782E-05
/Users/ejm2000/RoboND-Rover-Project/code/simulator_output/IMG/robocam_2017_06_01_17_44_42_715.jpg,0,0,0,0,99.66998,85.58901,0.0002469672,186.6406,5.78802E-05
/Users/ejm2000/RoboND-Rover-Project/code/simulator_output/IMG/robocam_2017_06_01_17_44_42_814.jpg,0,0,0,0,99.66998,85.58901,0.0002428095,186.6406,5.917967E-05
/Users/ejm2000/RoboND-Rover-Project/code/simulator_output/IMG/robocam_2017_06_01_17_44_42_863.jpg,0,0,0,0,99.66998,85.58901,0.0002412765,186.6406,5.881505E-05
/Users/ejm2000/RoboND-Rover-Project/code/simulator_output/IMG/robocam_2017_06_01_17_44_42_914.jpg,3.033316,0,0,0,99.66998,85.58901,0.0002389086,187.0493,5.635673E-05
/Users/ejm2000/RoboND-Rover-Project/code/simulator_output/IMG/robocam_2017_06_01_17_44_42_964.jpg,3.814517,0,0,0,99.66998,85.58901,0.0002373388,187.507,5.372352E-05
/Users/ejm2000/RoboND-Rover-Project/code/simulator_output/IMG/robocam_2017_06_01_17_44_43_014.jpg,7.580116,0,0,0,99.66998,85.58901,0.000235034,188.7302,4.60039E-05
/Users/ejm2000/RoboND-Rover-Project/code/simulator_output/IMG/robocam_2017_06_01_17_44_43_083.jpg,9.011744,0,0,0,99.66998,85.58901,0.0002330058,190.3523,3.685874E-05
/Users/ejm2000/RoboND-Rover-Project/code/simulator_output/IMG/robocam_2017_06_01_17_44_43_165.jpg,12.8776,0,0,0,99.66998,85.58901,0.0002306603,193.2992,2.288001E-05
/Users/ejm2000/RoboND-Rover-Project/code/simulator_output/IMG/robocam_2017_06_01_17_44_43_215.jpg,15,0,0,0,99.66999,85.58901,0.0002291096,195.9992,1.126096E-05
/Users/ejm2000/RoboND-Rover-Project/code/simulator_output/IMG/robocam_2017_06_01_17_44_43_281.jpg,15,0,0,0,99.66999,85.58901,0.0002266708,198.6992,9.354304E-07
/Users/ejm2000/RoboND-Rover-Project/code/simulator_output/IMG/robocam_2017_06_01_17_44_43_330.jpg,10.54829,0,0,0,99.66999,85.58901,0.0002246217,200.0522,-3.100687E-06
/Users/ejm2000/RoboND-Rover-Project/code/simulator_output/IMG/robocam_2017_06_01_17_44_43_399.jpg,9.796606,0,0,0,99.66999,85.58901,0.0002204444,202.4035,-1.084284E-05
/Users/ejm2000/RoboND-Rover-Project/code/simulator_output/IMG/robocam_2017_06_01_17_44_43_449.jpg,5.241391,0,0,0,99.66999,85.58901,0.0002196915,203.1236,-1.158494E-05
/Users/ejm2000/RoboND-Rover-Project/code/simulator_output/IMG/robocam_2017_06_01_17_44_43_515.jpg,3.760262,0,0,0,99.66999,85.58901,0.0002183553,204.0682,-1.012118E-05
/Users/ejm2000/RoboND-Rover-Project/code/simulator_output/IMG/robocam_2017_06_01_17_44_43_582.jpg,0.7794616,0,0,0,99.66999,85.58901,0.000216907,204.2085,-8.365252E-06
/Users/ejm2000/RoboND-Rover-Project/code/simulator_output/IMG/robocam_2017_06_01_17_44_43_630.jpg,0,0,0,0,99.66999,85.58901,0.0002171602,204.2085,-7.184675E-06
/Users/ejm2000/RoboND-Rover-Project/code/simulator_output/IMG/robocam_2017_06_01_17_44_43_699.jpg,0,0.08634907,0,0,99.67004,85.58903,-0.0009862832,204.2712,7.976359E-05
/Users/ejm2000/RoboND-Rover-Project/code/simulator_output/IMG/robocam_2017_06_01_17_44_43_747.jpg,0,0.335529,0,0.01166723,99.66955,85.58881,0.01095615,204.2918,8.817296E-05
/Users/ejm2000/RoboND-Rover-Project/code/simulator_output/IMG/robocam_2017_06_01_17_44_43_852.jpg,0,0.486003,0,0.01878262,99.66474,85.58664,0.1214289,204.0795,0.0003289604
/Users/ejm2000/RoboND-Rover-Project/code/simulator_output/IMG/robocam_2017_06_01_17_44_43_897.jpg,0,0.785535,0,0.08958417,99.65778,85.58352,0.2759429,204.072,0.0005121234
/Users/ejm2000/RoboND-Rover-Project/code/simulator_output/IMG/robocam_2017_06_01_17_44_43_947.jpg,0,0.939732,0,0.1093748,99.6514,85.58067,0.4111385,204.0899,0.0004274848
/Users/ejm2000/RoboND-Rover-Project/code/simulator_output/IMG/robocam_2017_06_01_17_44_43_999.jpg,0,0.9862949,0,0.1221371,99.63997,85.5756,0.6166241,204.2184,-0.001167309
/Users/ejm2000/RoboND-Rover-Project/code/simulator_output/IMG/robocam_2017_06_01_17_44_44_047.jpg,0,1,0,0.184642,99.63039,85.57131,0.7761343,204.2406,-0.001063659
/Users/ejm2000/RoboND-Rover-Project/code/simulator_output/IMG/robocam_2017_06_01_17_44_44_131.jpg,0,1,0,0.2319696,99.60764,85.56111,1.107372,204.3112,-0.001429164
/Users/ejm2000/RoboND-Rover-Project/code/simulator_output/IMG/robocam_2017_06_01_17_44_44_180.jpg,0,1,0,0.2973234,99.58749,85.55219,1.321128,204.3613,-0.001908745
/Users/ejm2000/RoboND-Rover-Project/code/simulator_output/IMG/robocam_2017_06_01_17_44_44_248.jpg,0,1,0,0.3244239,99.56993,85.54427,1.244488,204.404,-0.002983789
/Users/ejm2000/RoboND-Rover-Project/code/simulator_output/IMG/robocam_2017_06_01_17_44_44_313.jpg,0,1,0,0.406478,99.54922,85.53498,1.138407,204.4461,-0.0001928308
/Users/ejm2000/RoboND-Rover-Project/code/simulator_output/IMG/robocam_2017_06_01_17_44_44_413.jpg,0,1,0,0.4669757,99.50516,85.51517,1.136009,204.524,-0.001962144
/Users/ejm2000/RoboND-Rover-Project/code/simulator_output/IMG/robocam_2017_06_01_17_44_44_464.jpg,0,1,0,0.539823,99.47491,85.50149,1.182006,204.5121,0.0005023926
/Users/ejm2000/RoboND-Rover-Project/code/simulator_output/IMG/robocam_2017_06_01_17_44_44_514.jpg,0,1,0,0.5928545,99.44192,85.48657,1.229468,204.5408,-0.001301717
/Users/ejm2000/RoboND-Rover-Project/code/simulator_output/IMG/robocam_2017_06_01_17_44_44_563.jpg,0,1,0,0.6321188,99.41818,85.47587,1.252372,204.5283,-0.001416055
/Users/ejm2000/RoboND-Rover-Project/code/simulator_output/IMG/robocam_2017_06_01_17_44_44_682.jpg,0,1,0,0.6794285,99.34323,85.44197,1.177082,204.5052,-0.0002434836
/Users/ejm2000/RoboND-Rover-Project/code/simulator_output/IMG/robocam_2017_06_01_17_44_44_731.jpg,0,1,0,0.777383,99.31502,85.42924,1.193527,204.4514,0.0002672891
/Users/ejm2000/RoboND-Rover-Project/code/simulator_output/IMG/robocam_2017_06_01_17_44_44_782.jpg,0,1,0,0.7762001,99.27104,85.40942,1.206842,204.457,-0.0003839632
/Users/ejm2000/RoboND-Rover-Project/code/simulator_output/IMG/robocam_2017_06_01_17_44_44_847.jpg,0,1,0,0.86342,99.22372,85.38811,1.230028,204.4385,-0.0008133534
/Users/ejm2000/RoboND-Rover-Project/code/simulator_output/IMG/robocam_2017_06_01_17_44_44_897.jpg,0,1,0,0.9022325,99.1741,85.3658,1.232347,204.4931,-0.00171344
/Users/ejm2000/RoboND-Rover-Project/code/simulator_output/IMG/robocam_2017_06_01_17_44_44_964.jpg,0,1,0,0.9378494,99.12189,85.34229,1.222644,204.4996,-0.0008151658
/Users/ejm2000/RoboND-Rover-Project/code/simulator_output/IMG/robocam_2017_06_01_17_44_45_016.jpg,0,1,0,0.9927188,99.06721,85.31763,1.207791,204.4932,-0.0004037646
/Users/ejm2000/RoboND-Rover-Project/code/simulator_output/IMG/robocam_2017_06_01_17_44_45_083.jpg,0,1,0,1.015035,99.00941,85.29158,1.220653,204.4873,-0.0008634678
/Users/ejm2000/RoboND-Rover-Project/code/simulator_output/IMG/robocam_2017_06_01_17_44_45_150.jpg,0,1,0,1.085235,98.9491,85.26439,1.225786,204.4775,-0.0008351816
/Users/ejm2000/RoboND-Rover-Project/code/simulator_output/IMG/robocam_2017_06_01_17_44_45_215.jpg,0,1,0,1.14752,98.86492,85.22645,1.222741,204.4512,-0.0005469132
/Users/ejm2000/RoboND-Rover-Project/code/simulator_output/IMG/robocam_2017_06_01_17_44_45_297.jpg,0,1,0,1.18922,98.77621,85.18652,1.230732,204.4138,-0.0006555293
/Users/ejm2000/RoboND-Rover-Project/code/simulator_output/IMG/robocam_2017_06_01_17_44_45_346.jpg,3.7665,0.7489,0,1.251111,98.73055,85.16531,1.230346,204.5066,-0.0008991241
/Users/ejm2000/RoboND-Rover-Project/code/simulator_output/IMG/robocam_2017_06_01_17_44_45_398.jpg,5.278005,0.648133,0,1.274583,98.66148,85.13161,1.213704,204.8835,0.003975368
/Users/ejm2000/RoboND-Rover-Project/code/simulator_output/IMG/robocam_2017_06_01_17_44_45_448.jpg,8.268977,0.4487349,0,1.302896,98.6153,85.1078,1.196258,205.2774,0.01960884
/Users/ejm2000/RoboND-Rover-Project/code/simulator_output/IMG/robocam_2017_06_01_17_44_45_499.jpg,9.048915,0.396739,0,1.309057,98.54649,85.07048,1.143629,206.0402,0.05752571
/Users/ejm2000/RoboND-Rover-Project/code/simulator_output/IMG/robocam_2017_06_01_17_44_45_547.jpg,12.04646,0.196903,0,1.326161,98.50129,85.04427,1.093368,206.6752,0.1059046
/Users/ejm2000/RoboND-Rover-Project/code/simulator_output/IMG/robocam_2017_06_01_17_44_45_597.jpg,15,0,0,1.326049,98.4354,85.00332,0.9752871,207.8334,0.2076068
/Users/ejm2000/RoboND-Rover-Project/code/simulator_output/IMG/robocam_2017_06_01_17_44_45_647.jpg,15,0,0,1.321573,98.3927,84.97519,0.8742832,208.6736,0.2937773
/Users/ejm2000/RoboND-Rover-Project/code/simulator_output/IMG/robocam_2017_06_01_17_44_45_714.jpg,15,0,0,1.315859,98.30952,84.91771,0.6345984,210.3524,0.4871418
/Users/ejm2000/RoboND-Rover-Project/code/simulator_output/IMG/robocam_2017_06_01_17_44_45_786.jpg,15,0,0,1.310091,98.24897,84.87352,0.4327053,211.5984,0.6456649
/Users/ejm2000/RoboND-Rover-Project/code/simulator_output/IMG/robocam_2017_06_01_17_44_45_847.jpg,13.71539,0,0,1.302056,98.18974,84.82851,0.2216533,212.8135,0.8079064
/Users/ejm2000/RoboND-Rover-Project/code/simulator_output/IMG/robocam_2017_06_01_17_44_45_929.jpg,11.48006,0,0,1.300028,98.11132,84.76828,359.9479,214.1443,0.9896132
/Users/ejm2000/RoboND-Rover-Project/code/simulator_output/IMG/robocam_2017_06_01_17_44_45_981.jpg,7.725616,0,0,1.294966,98.05099,84.72339,359.8218,214.853,1.023925
/Users/ejm2000/RoboND-Rover-Project/code/simulator_output/IMG/robocam_2017_06_01_17_44_46_031.jpg,5.461397,0.1509479,0,1.290017,98.00985,84.69316,359.7946,215.1994,0.9930454
/Users/ejm2000/RoboND-Rover-Project/code/simulator_output/IMG/robocam_2017_06_01_17_44_46_080.jpg,2.472721,0.350193,0,1.298356,97.94665,84.647,359.8303,215.5263,0.8888797
/Users/ejm2000/RoboND-Rover-Project/code/simulator_output/IMG/robocam_2017_06_01_17_44_46_131.jpg,1.73778,0.3991891,0,1.299762,97.90379,84.61571,359.8753,215.6458,0.8092567
/Users/ejm2000/RoboND-Rover-Project/code/simulator_output/IMG/robocam_2017_06_01_17_44_46_181.jpg,0,0.647805,0,1.326116,97.83785,84.56827,359.9721,215.6812,0.6747114
/Users/ejm2000/RoboND-Rover-Project/code/simulator_output/IMG/robocam_2017_06_01_17_44_46_231.jpg,0,0.7513109,0,1.345118,97.79269,84.53581,0.06462401,215.6833,0.5830909
/Users/ejm2000/RoboND-Rover-Project/code/simulator_output/IMG/robocam_2017_06_01_17_44_46_415.jpg,0,0.900453,0,1.36813,97.54977,84.36163,0.8311005,215.6676,0.1039885
/Users/ejm2000/RoboND-Rover-Project/code/simulator_output/IMG/robocam_2017_06_01_17_44_46_481.jpg,0,1,0,1.503318,97.47195,84.3056,1.105708,215.666,359.9745
/Users/ejm2000/RoboND-Rover-Project/code/simulator_output/IMG/robocam_2017_06_01_17_44_46_530.jpg,0,1,0,1.549423,97.41949,84.26702,1.269233,215.6817,359.9388
/Users/ejm2000/RoboND-Rover-Project/code/simulator_output/IMG/robocam_2017_06_01_17_44_46_583.jpg,0,1,0,1.57935,97.34195,84.20875,1.348661,215.6852,-0.005651519
/Users/ejm2000/RoboND-Rover-Project/code/simulator_output/IMG/robocam_2017_06_01_17_44_46_631.jpg,0,1,0,1.632572,97.28915,84.17089,1.309777,215.6264,-0.001177288
/Users/ejm2000/RoboND-Rover-Project/code/simulator_output/IMG/robocam_2017_06_01_17_44_46_715.jpg,0,1,0,1.64821,97.15198,84.0733,1.234863,215.5941,-0.0005467022
/Users/ejm2000/RoboND-Rover-Project/code/simulator_output/IMG/robocam_2017_06_01_17_44_46_764.jpg,0,1,0,1.740602,97.09485,84.03275,1.241183,215.5867,-0.0005978884
/Users/ejm2000/RoboND-Rover-Project/code/simulator_output/IMG/robocam_2017_06_01_17_44_46_814.jpg,0,1,0,1.770333,97.00694,83.97036,1.278284,215.5738,-0.001009679
/Users/ejm2000/RoboND-Rover-Project/code/simulator_output/IMG/robocam_2017_06_01_17_44_46_864.jpg,0,1,0,1.799492,96.94722,83.92799,1.296438,215.5677,-0.001103945
/Users/ejm2000/RoboND-Rover-Project/code/simulator_output/IMG/robocam_2017_06_01_17_44_46_930.jpg,0,1,0,1.844872,96.85607,83.86337,1.300061,215.5565,-0.001143871
/Users/ejm2000/RoboND-Rover-Project/code/simulator_output/IMG/robocam_2017_06_01_17_44_46_980.jpg,0,1,0,1.906346,96.76294,83.79737,1.283139,215.5432,-0.001085098
/Users/ejm2000/RoboND-Rover-Project/code/simulator_output/IMG/robocam_2017_06_01_17_44_47_030.jpg,0,1,0,1.952302,96.69936,83.75232,1.287953,215.5365,-0.000636489
/Users/ejm2000/RoboND-Rover-Project/code/simulator_output/IMG/robocam_2017_06_01_17_44_47_103.jpg,0,1,0,1.966402,96.56935,83.66027,1.294865,215.5189,-0.001109762
/Users/ejm2000/RoboND-Rover-Project/code/simulator_output/IMG/robocam_2017_06_01_17_44_47_164.jpg,0,1,0,2.041336,96.46927,83.58945,1.299503,215.5079,-0.001162819
/Users/ejm2000/RoboND-Rover-Project/code/simulator_output/IMG/robocam_2017_06_01_17_44_47_230.jpg,0,1,0,2.086049,96.36694,83.51706,1.305659,215.4954,-0.001179261
/Users/ejm2000/RoboND-Rover-Project/code/simulator_output/IMG/robocam_2017_06_01_17_44_47_298.jpg,0,1,0,2.115064,96.22717,83.41824,1.309968,215.4806,-0.001215131
/Users/ejm2000/RoboND-Rover-Project/code/simulator_output/IMG/robocam_2017_06_01_17_44_47_347.jpg,3.729644,0.7513571,0,2.172033,96.15662,83.36728,1.3051,215.6371,-3.127757E-05
/Users/ejm2000/RoboND-Rover-Project/code/simulator_output/IMG/robocam_2017_06_01_17_44_47_398.jpg,6.087823,0.5941451,0,2.200913,96.05135,83.28852,1.269485,216.1703,0.01658948
/Users/ejm2000/RoboND-Rover-Project/code/simulator_output/IMG/robocam_2017_06_01_17_44_47_465.jpg,6.735373,0.5509751,0,2.208488,95.94711,83.20708,1.206319,216.9572,0.06135332
/Users/ejm2000/RoboND-Rover-Project/code/simulator_output/IMG/robocam_2017_06_01_17_44_47_515.jpg,10.46583,0.302278,0,2.231711,95.84548,83.12239,1.103276,218.103,0.163852
/Users/ejm2000/RoboND-Rover-Project/code/simulator_output/IMG/robocam_2017_06_01_17_44_47_582.jpg,10.59156,0.103102,0,2.235548,95.74704,83.03561,0.9357694,219.4593,0.2995557
/Users/ejm2000/RoboND-Rover-Project/code/simulator_output/IMG/robocam_2017_06_01_17_44_47_647.jpg,7.541143,0,0,2.231084,95.65067,82.94823,0.7201723,220.6208,0.4419213
/Users/ejm2000/RoboND-Rover-Project/code/simulator_output/IMG/robocam_2017_06_01_17_44_47_697.jpg,4.54149,0,0,2.225569,95.55513,82.86094,0.4883825,221.4188,0.5769275
/Users/ejm2000/RoboND-Rover-Project/code/simulator_output/IMG/robocam_2017_06_01_17_44_47_748.jpg,2.343733,0,0,2.221237,95.49159,82.803,0.3300129,221.7609,0.6539387
/Users/ejm2000/RoboND-Rover-Project/code/simulator_output/IMG/robocam_2017_06_01_17_44_47_818.jpg,0.8314633,0,0,2.216765,95.36427,82.68803,0.01845266,222.0422,0.7633561
/Users/ejm2000/RoboND-Rover-Project/code/simulator_output/IMG/robocam_2017_06_01_17_44_47_865.jpg,0,0.250104,0,2.208573,95.29998,82.63067,359.8925,222.0704,0.7805752
/Users/ejm2000/RoboND-Rover-Project/code/simulator_output/IMG/robocam_2017_06_01_17_44_47_914.jpg,0,0.405918,0,2.213897,95.20262,82.54371,359.7599,222.0705,0.7777841
/Users/ejm2000/RoboND-Rover-Project/code/simulator_output/IMG/robocam_2017_06_01_17_44_47_982.jpg,0,0.452052,0,2.21728,95.10393,82.4553,359.6971,222.0629,0.7487107
/Users/ejm2000/RoboND-Rover-Project/code/simulator_output/IMG/robocam_2017_06_01_17_44_48_030.jpg,0,0.750966,0,2.247287,95.03715,82.39542,359.696,222.0576,0.7170352
/Users/ejm2000/RoboND-Rover-Project/code/simulator_output/IMG/robocam_2017_06_01_17_44_48_081.jpg,0,0.8990611,0,2.268695,94.9352,82.30366,359.7548,222.0558,0.6682851
/Users/ejm2000/RoboND-Rover-Project/code/simulator_output/IMG/robocam_2017_06_01_17_44_48_131.jpg,0,0.95109,0,2.280711,94.86575,82.24111,359.8384,222.0549,0.6309175
/Users/ejm2000/RoboND-Rover-Project/code/simulator_output/IMG/robocam_2017_06_01_17_44_48_215.jpg,0,1,0,2.334171,94.6868,82.07983,0.1886583,222.0524,0.5237862
/Users/ejm2000/RoboND-Rover-Project/code/simulator_output/IMG/robocam_2017_06_01_17_44_48_283.jpg,0,1,0,2.375783,94.57603,81.98026,0.4596192,222.0447,0.4379368
/Users/ejm2000/RoboND-Rover-Project/code/simulator_output/IMG/robocam_2017_06_01_17_44_48_335.jpg,0,1,0,2.431721,94.50095,81.91293,0.6485853,222.0361,0.3667546
/Users/ejm2000/RoboND-Rover-Project/code/simulator_output/IMG/robocam_2017_06_01_17_44_48_380.jpg,0,1,0,2.473817,94.38656,81.81045,0.9427449,222.0198,0.2478222
/Users/ejm2000/RoboND-Rover-Project/code/simulator_output/IMG/robocam_2017_06_01_17_44_48_438.jpg,0,1,0,2.515595,94.2702,81.70681,1.221703,221.9877,0.09818009
/Users/ejm2000/RoboND-Rover-Project/code/simulator_output/IMG/robocam_2017_06_01_17_44_48_481.jpg,0,1,0,2.544026,94.1921,81.63706,1.37207,221.9799,-0.003945618
/Users/ejm2000/RoboND-Rover-Project/code/simulator_output/IMG/robocam_2017_06_01_17_44_48_565.jpg,-0.7096052,1,0,2.572817,94.03897,81.497,1.354601,221.9234,-0.001827266
/Users/ejm2000/RoboND-Rover-Project/code/simulator_output/IMG/robocam_2017_06_01_17_44_48_631.jpg,-4.487129,0.7481651,0,2.647427,93.92043,81.39291,1.288534,221.5664,-0.0005162367
/Users/ejm2000/RoboND-Rover-Project/code/simulator_output/IMG/robocam_2017_06_01_17_44_48_673.jpg,-6.004484,0.6470081,0,2.656942,93.83952,81.32433,1.247416,221.1189,359.9787
/Users/ejm2000/RoboND-Rover-Project/code/simulator_output/IMG/robocam_2017_06_01_17_44_48_731.jpg,-9.000313,0.4472861,0,2.683029,93.71551,81.22366,1.172363,220.1366,359.8917
/Users/ejm2000/RoboND-Rover-Project/code/simulator_output/IMG/robocam_2017_06_01_17_44_48_799.jpg,-9.760186,0.2975321,0,2.68909,93.54679,81.0948,0.9937521,218.3944,359.7057
/Users/ejm2000/RoboND-Rover-Project/code/simulator_output/IMG/robocam_2017_06_01_17_44_48_848.jpg,-6.780914,0.09891403,0,2.695776,93.46206,81.03183,0.8661861,217.6207,359.614
/Users/ejm2000/RoboND-Rover-Project/code/simulator_output/IMG/robocam_2017_06_01_17_44_48_915.jpg,-3.802814,0,0,2.691389,93.29304,80.90768,0.5569267,216.6078,359.4442
/Users/ejm2000/RoboND-Rover-Project/code/simulator_output/IMG/robocam_2017_06_01_17_44_48_963.jpg,-1.537469,0,0,2.685915,93.20887,80.84599,0.3920381,216.349,359.3699
/Users/ejm2000/RoboND-Rover-Project/code/simulator_output/IMG/robocam_2017_06_01_17_44_49_031.jpg,0,0,0,2.677591,93.08327,80.75331,0.1428135,216.2242,359.286
/Users/ejm2000/RoboND-Rover-Project/code/simulator_output/IMG/robocam_2017_06_01_17_44_49_083.jpg,-3.0321,0,0,2.668415,92.95694,80.66199,359.916,215.9705,359.2015
/Users/ejm2000/RoboND-Rover-Project/code/simulator_output/IMG/robocam_2017_06_01_17_44_49_130.jpg,-6.030944,0,0,2.654187,92.87182,80.60194,359.8016,215.654,359.1516
/Users/ejm2000/RoboND-Rover-Project/code/simulator_output/IMG/robocam_2017_06_01_17_44_49_212.jpg,-8.400059,0,0,2.645673,92.69855,80.48481,359.6842,214.5624,359.0606
/Users/ejm2000/RoboND-Rover-Project/code/simulator_output/IMG/robocam_2017_06_01_17_44_49_283.jpg,-12.04466,0,0,2.626812,92.51961,80.37202,359.8036,212.9327,359.0388
/Users/ejm2000/RoboND-Rover-Project/code/simulator_output/IMG/robocam_2017_06_01_17_44_49_330.jpg,-14.36467,0,0,2.609056,92.42782,80.3197,359.9017,211.8176,358.9858
/Users/ejm2000/RoboND-Rover-Project/code/simulator_output/IMG/robocam_2017_06_01_17_44_49_382.jpg,-15,0,0,2.592921,92.28848,80.24644,0.0381647,209.8752,358.8616
/Users/ejm2000/RoboND-Rover-Project/code/simulator_output/IMG/robocam_2017_06_01_17_44_49_449.jpg,-15,0,0,2.585503,92.15102,80.17792,0.000593266,207.8451,358.843
/Users/ejm2000/RoboND-Rover-Project/code/simulator_output/IMG/robocam_2017_06_01_17_44_49_498.jpg,-15,0,0,2.570707,92.0118,80.11495,359.9589,205.8832,358.8667
/Users/ejm2000/RoboND-Rover-Project/code/simulator_output/IMG/robocam_2017_06_01_17_44_49_548.jpg,-15,0,0,2.562112,91.91757,80.07623,359.9556,204.5821,358.8623
/Users/ejm2000/RoboND-Rover-Project/code/simulator_output/IMG/robocam_2017_06_01_17_44_49_596.jpg,-15,0,0,2.54841,91.77471,80.0223,359.9799,202.6254,358.84
/Users/ejm2000/RoboND-Rover-Project/code/simulator_output/IMG/robocam_2017_06_01_17_44_49_649.jpg,-15,0,0,2.539949,91.67892,79.98903,-0.001372441,201.3122,358.8399
/Users/ejm2000/RoboND-Rover-Project/code/simulator_output/IMG/robocam_2017_06_01_17_44_49_732.jpg,-15,0,0,2.529481,91.48678,79.92952,-0.003779122,198.6865,358.8632
/Users/ejm2000/RoboND-Rover-Project/code/simulator_output/IMG/robocam_2017_06_01_17_44_49_867.jpg,-15,0,0,2.513534,91.1469,79.84913,0.005987248,194.0986,358.8358
/Users/ejm2000/RoboND-Rover-Project/code/simulator_output/IMG/robocam_2017_06_01_17_44_49_932.jpg,-15,0,0,2.493166,91.0012,79.8223,359.9854,192.164,358.853
/Users/ejm2000/RoboND-Rover-Project/code/simulator_output/IMG/robocam_2017_06_01_17_44_49_983.jpg,-15,0,0,2.477787,90.85445,79.80142,0.01194979,190.2218,358.854
/Users/ejm2000/RoboND-Rover-Project/code/simulator_output/IMG/robocam_2017_06_01_17_44_50_049.jpg,-15,0,0,2.463694,90.7086,79.78542,359.9896,188.2747,358.8573
/Users/ejm2000/RoboND-Rover-Project/code/simulator_output/IMG/robocam_2017_06_01_17_44_50_098.jpg,-15,0,0,2.451628,90.56229,79.77491,0.006114834,186.3307,358.8471
/Users/ejm2000/RoboND-Rover-Project/code/simulator_output/IMG/robocam_2017_06_01_17_44_50_147.jpg,-15,0,0,2.44417,90.46556,79.77016,359.9832,185.0383,358.8585
/Users/ejm2000/RoboND-Rover-Project/code/simulator_output/IMG/robocam_2017_06_01_17_44_50_216.jpg,-15,0,0,2.432391,90.2719,79.76804,359.9898,182.4724,358.8643
/Users/ejm2000/RoboND-Rover-Project/code/simulator_output/IMG/robocam_2017_06_01_17_44_50_284.jpg,-15,0,0,2.424668,90.12759,79.77226,359.9886,180.5339,358.8478
/Users/ejm2000/RoboND-Rover-Project/code/simulator_output/IMG/robocam_2017_06_01_17_44_50_349.jpg,-13.42275,0,0,2.407249,89.98405,79.78052,359.9898,178.6603,358.8766
/Users/ejm2000/RoboND-Rover-Project/code/simulator_output/IMG/robocam_2017_06_01_17_44_50_416.jpg,-10.44281,0,0,2.39818,89.7934,79.79713,0.009062914,176.5602,358.9082
/Users/ejm2000/RoboND-Rover-Project/code/simulator_output/IMG/robocam_2017_06_01_17_44_50_464.jpg,-7.483426,0,0,2.390758,89.69881,79.80668,-0.004058199,175.7245,358.9393
/Users/ejm2000/RoboND-Rover-Project/code/simulator_output/IMG/robocam_2017_06_01_17_44_50_531.jpg,-5.25057,0,0,2.383969,89.55723,79.82228,359.9809,174.7908,358.9885
/Users/ejm2000/RoboND-Rover-Project/code/simulator_output/IMG/robocam_2017_06_01_17_44_50_589.jpg,-2.983065,0,0,2.379154,89.41611,79.83804,359.9574,174.2246,359.0586
/Users/ejm2000/RoboND-Rover-Project/code/simulator_output/IMG/robocam_2017_06_01_17_44_50_666.jpg,0,0,0,2.368907,89.22881,79.8583,359.905,173.9436,359.19
/Users/ejm2000/RoboND-Rover-Project/code/simulator_output/IMG/robocam_2017_06_01_17_44_50_715.jpg,0,0,0,2.358278,89.08897,79.87309,359.8556,173.9156,359.3079
/Users/ejm2000/RoboND-Rover-Project/code/simulator_output/IMG/robocam_2017_06_01_17_44_50_764.jpg,0,0,0,2.352987,88.99607,79.88297,359.8194,173.9112,359.3881
/Users/ejm2000/RoboND-Rover-Project/code/simulator_output/IMG/robocam_2017_06_01_17_44_50_831.jpg,0,0,0,2.345103,88.85719,79.8978,359.7613,173.9091,359.5088
/Users/ejm2000/RoboND-Rover-Project/code/simulator_output/IMG/robocam_2017_06_01_17_44_50_898.jpg,0,0,0,2.337201,88.67281,79.91756,359.6803,173.908,359.6673
/Users/ejm2000/RoboND-Rover-Project/code/simulator_output/IMG/robocam_2017_06_01_17_44_50_950.jpg,0,0,0,2.329283,88.58095,79.92743,359.6398,173.9076,359.7441
/Users/ejm2000/RoboND-Rover-Project/code/simulator_output/IMG/robocam_2017_06_01_17_44_51_015.jpg,0,0,0,2.326641,88.39778,79.94712,359.5614,173.907,359.8898
/Users/ejm2000/RoboND-Rover-Project/code/simulator_output/IMG/robocam_2017_06_01_17_44_51_099.jpg,0,0,0,2.313413,88.21535,79.96678,359.4897,173.9065,0.02181588
/Users/ejm2000/RoboND-Rover-Project/code/simulator_output/IMG/robocam_2017_06_01_17_44_51_182.jpg,0,0,0,2.302514,88.03308,79.98682,359.4619,173.8954,0.1037765
/Users/ejm2000/RoboND-Rover-Project/code/simulator_output/IMG/robocam_2017_06_01_17_44_51_265.jpg,0,0,0,2.288393,87.85117,80.00677,359.4641,173.8859,0.1548821
/Users/ejm2000/RoboND-Rover-Project/code/simulator_output/IMG/robocam_2017_06_01_17_44_51_314.jpg,0,0,0,2.277667,87.7151,80.02166,359.4769,173.8798,0.1777203
/Users/ejm2000/RoboND-Rover-Project/code/simulator_output/IMG/robocam_2017_06_01_17_44_51_366.jpg,0,0,0,2.272211,87.6246,80.03146,359.4884,173.8782,0.1894919
/Users/ejm2000/RoboND-Rover-Project/code/simulator_output/IMG/robocam_2017_06_01_17_44_51_430.jpg,0,0,0,2.264451,87.48925,80.04607,359.5035,173.8776,0.2034826
/Users/ejm2000/RoboND-Rover-Project/code/simulator_output/IMG/robocam_2017_06_01_17_44_51_481.jpg,0,0,0,2.259302,87.35425,80.06079,359.5267,173.873,0.2005749
/Users/ejm2000/RoboND-Rover-Project/code/simulator_output/IMG/robocam_2017_06_01_17_44_51_531.jpg,0,0.100968,0,2.248662,87.26449,80.07049,359.5429,173.8718,0.1963021
/Users/ejm2000/RoboND-Rover-Project/code/simulator_output/IMG/robocam_2017_06_01_17_44_51_615.jpg,0,0.1545961,0,2.248662,87.085,80.08983,359.5837,173.8713,0.1843353
/Users/ejm2000/RoboND-Rover-Project/code/simulator_output/IMG/robocam_2017_06_01_17_44_51_665.jpg,0,0,0,2.243545,86.95058,80.1043,359.6164,173.8712,0.1720524
/Users/ejm2000/RoboND-Rover-Project/code/simulator_output/IMG/robocam_2017_06_01_17_44_51_715.jpg,0,0,0,2.235972,86.81676,80.1187,359.6412,173.8712,0.157434
/Users/ejm2000/RoboND-Rover-Project/code/simulator_output/IMG/robocam_2017_06_01_17_44_51_765.jpg,0,0,0,2.230942,86.72787,80.12826,359.6534,173.8712,0.1466411
/Users/ejm2000/RoboND-Rover-Project/code/simulator_output/IMG/robocam_2017_06_01_17_44_51_813.jpg,0,0,0,2.223419,86.59502,80.14254,359.6655,173.8712,0.1292522
/Users/ejm2000/RoboND-Rover-Project/code/simulator_output/IMG/robocam_2017_06_01_17_44_51_867.jpg,0,0,0,2.220917,86.50668,80.15213,359.6758,173.8687,0.1104484
/Users/ejm2000/RoboND-Rover-Project/code/simulator_output/IMG/robocam_2017_06_01_17_44_51_934.jpg,0,0,0,2.210744,86.33075,80.17103,359.6863,173.8679,0.07742105
/Users/ejm2000/RoboND-Rover-Project/code/simulator_output/IMG/robocam_2017_06_01_17_44_51_981.jpg,0,0,0,2.203291,86.24316,80.18044,359.687,173.8678,0.06147854
/Users/ejm2000/RoboND-Rover-Project/code/simulator_output/IMG/robocam_2017_06_01_17_44_52_047.jpg,0,0,0.05813098,2.195859,86.11234,80.19447,359.6804,173.8678,0.03841634
/Users/ejm2000/RoboND-Rover-Project/code/simulator_output/IMG/robocam_2017_06_01_17_44_52_117.jpg,0,0,0.249351,2.167371,85.94233,80.21283,359.5919,173.8636,-0.0005239501
/Users/ejm2000/RoboND-Rover-Project/code/simulator_output/IMG/robocam_2017_06_01_17_44_52_164.jpg,0,0,0,2.106626,85.86028,80.22143,359.5,173.8678,359.992
/Users/ejm2000/RoboND-Rover-Project/code/simulator_output/IMG/robocam_2017_06_01_17_44_52_216.jpg,0,0,0,2.093969,85.73729,80.23434,359.3871,173.876,359.9926
/Users/ejm2000/RoboND-Rover-Project/code/simulator_output/IMG/robocam_2017_06_01_17_44_52_319.jpg,0,0,0,2.088524,85.5322,80.25626,359.2666,173.8802,-0.001176757
/Users/ejm2000/RoboND-Rover-Project/code/simulator_output/IMG/robocam_2017_06_01_17_44_52_365.jpg,0,0,0,2.078341,85.45013,80.26507,359.2424,173.8802,0.0003228347
/Users/ejm2000/RoboND-Rover-Project/code/simulator_output/IMG/robocam_2017_06_01_17_44_52_413.jpg,0,0,0,2.068325,85.32718,80.27825,359.2168,173.8802,0.002475428
/Users/ejm2000/RoboND-Rover-Project/code/simulator_output/IMG/robocam_2017_06_01_17_44_52_465.jpg,0,0,0,2.06591,85.2452,80.28712,359.2154,173.8783,-0.0007431462
/Users/ejm2000/RoboND-Rover-Project/code/simulator_output/IMG/robocam_2017_06_01_17_44_52_532.jpg,0,0,0,2.055505,85.12228,80.30033,359.2319,173.8771,-0.00442668
/Users/ejm2000/RoboND-Rover-Project/code/simulator_output/IMG/robocam_2017_06_01_17_44_52_600.jpg,0,0,0,2.050725,84.95888,80.31785,359.2647,173.8769,359.9922
/Users/ejm2000/RoboND-Rover-Project/code/simulator_output/IMG/robocam_2017_06_01_17_44_52_648.jpg,0,0,0,2.041233,84.8774,80.32658,359.2846,173.8769,359.9908
/Users/ejm2000/RoboND-Rover-Project/code/simulator_output/IMG/robocam_2017_06_01_17_44_52_717.jpg,0,0,0,2.036518,84.71492,80.34402,359.3292,173.8769,359.9884
/Users/ejm2000/RoboND-Rover-Project/code/simulator_output/IMG/robocam_2017_06_01_17_44_52_766.jpg,0,0,0,2.02948,84.63374,80.35255,359.364,173.8813,-0.0006393024
/Users/ejm2000/RoboND-Rover-Project/code/simulator_output/IMG/robocam_2017_06_01_17_44_52_831.jpg,0,0,0,2.022011,84.51234,80.36555,359.4149,173.8826,0.009173129
